{"train_loss": 1.5936901569366455, "_timestamp": 1701037594.3493133, "_runtime": 3307.09259724617, "_step": 120, "eval_loss": 1.9758429527282715, "_wandb": {"runtime": 3317}}