{"train_loss": 1.366577386856079, "_timestamp": 1701336986.102305, "_runtime": 3373.334061861038, "_step": 86, "eval_loss": 1.6373462677001953, "_wandb": {"runtime": 3405}}