{"train_loss": 1.3427010774612427, "_timestamp": 1701381835.356216, "_runtime": 2894.72846698761, "_step": 86, "eval_loss": 1.6213548183441162, "_wandb": {"runtime": 2938}}