{"train_loss": 2.491915225982666, "_timestamp": 1701034233.8787107, "_runtime": 503.4501416683197, "_step": 44, "eval_loss": 2.645857572555542, "_wandb": {"runtime": 529}}