{"train_loss": 1.3688806295394897, "_timestamp": 1701344360.106713, "_runtime": 3373.0685410499573, "_step": 86, "eval_loss": 1.675883412361145, "_wandb": {"runtime": 3417}}