{"train_loss": 1.6661206483840942, "_timestamp": 1701039988.1576326, "_runtime": 2359.605896472931, "_step": 86, "eval_loss": 1.931933045387268, "_wandb": {"runtime": 2411}}