{"train_loss": 8.074590682983398, "_timestamp": 1701602628.311072, "_runtime": 37.61263418197632, "_step": 0, "_wandb": {"runtime": 46}}