{"train_loss": 1.378584861755371, "_timestamp": 1701300762.2891443, "_runtime": 3373.8799333572388, "_step": 86, "eval_loss": 1.6601574420928955, "_wandb": {"runtime": 3405}}