{"train_loss": 1.3143181800842285, "_timestamp": 1701368650.5201037, "_runtime": 3221.368168592453, "_step": 86, "eval_loss": 1.6356027126312256, "_wandb": {"runtime": 3253}}