{"train_loss": 4.350527286529541, "_timestamp": 1701386758.3490324, "_runtime": 48.31148028373718, "_step": 0, "_wandb": {"runtime": 102}}