{"train_loss": 1.3983960151672363, "_timestamp": 1701389318.7523024, "_runtime": 2442.42120552063, "_step": 86, "eval_loss": 1.66115403175354, "_wandb": {"runtime": 2484}}